GENOTYPE,Gaillac.2012.OPT,Karlsruhe.2012.WD,Karlsruhe.2012.OPT,Debrecen.2012.OPT,Debrecen.2012.WD,Debrecen.2013.WD,Martonvasar.2013.OPT,Martonvasar.2013.WD,Karlsruhe.2013.WD,Karlsruhe.2013.OPT,Gaillac.2013.WD,Murony.2013.OPT,Murony.2013.WD,Gaillac.2013.OPT,Nerac.2013.WD,Craiova.2012.OPT,Campagnola.2013.OPT,Campagnola.2013.WD,Nerac.2013.OPT,Nerac.2012.WD,Nerac.2012.OPT,Craiova.2012.WD,Campagnola.2012.OPT,Campagnola.2012.WD,Graneros.2013.WD
11430,117.1163624,100.1039985,101.6921278,56.61113596,52.8533457,62.94414497,91.93904946,79.48506487,107.1508779,86.66094066,69.9842909,54.94305426,52.62432964,104.2889881,28.87707058,30.29268623,56.16765889,27.77098004,65.11489617,52.21920913,105.6959407,6.38497455,32.83665272,13.14055011,60.6240874
A3,113.1896638,71.86929526,70.27740553,65.96566278,46.39094467,63.69833653,93.41818582,63.60599782,101.1097161,79.9873062,71.11711469,67.44205241,67.15516629,101.9950704,37.74088258,22.05008092,34.32006577,26.2770645,64.7487595,42.38994845,87.07242998,8.21101216,27.45517588,14.97625966,56.74953218
A310,111.5036752,61.72540707,89.97311572,69.10851041,53.59083342,58.0955645,93.51762448,59.70269868,62.26092935,50.84650338,71.02631415,43.37370554,47.85029396,87.96404008,35.29775244,51.48530511,58.58112817,45.68548128,55.69633953,43.48472681,90.73747002,28.24467744,54.14802938,27.64418895,54.90507839
A347,97.60317393,74.51119099,69.760729,61.27174744,51.53844773,45.64855812,84.50946734,71.33537027,61.52649194,70.25681759,69.37068727,53.22318995,47.1833267,70.11671993,41.04215776,53.95401293,32.42820953,23.62022803,45.09721715,41.37888877,55.62796208,18.98919672,41.54911873,18.12478062,52.52328835
A374,111.7428952,105.7870399,107.0883254,62.43002991,60.47026734,55.5777066,119.2550793,82.58010536,100.3027806,84.80999511,75.12429152,79.37279681,76.8259787,95.21128235,40.99262073,60.51951036,64.35317227,49.46661926,54.35795257,50.48225873,79.39639881,28.77970002,58.84222399,28.57257337,72.477746
A375,108.6226605,85.61138489,79.79773264,67.14646192,59.64189392,51.27101393,101.2146094,73.53976197,90.34033207,83.25890917,72.38039686,72.01060492,64.59439566,96.04673845,41.85523014,45.38554079,50.44163907,40.73191514,71.7527527,56.1760898,93.71907498,6.73370444,57.62800836,28.38816121,65.42902602
A554,98.61330578,83.16715148,84.44087276,58.95767525,46.23267461,45.91731746,93.68283952,78.1726768,81.39815921,69.44728845,62.51415409,62.78531639,46.21698587,79.74804934,32.29491895,31.82585954,49.89159702,38.21206328,61.91055878,44.44781832,70.73566677,14.90151375,23.00044099,13.80483487,68.36200216
AS5707,115.7013147,97.88565722,85.7034828,52.67390801,50.2233522,81.79614191,115.1274581,83.72308534,124.5673298,95.49789965,94.33176819,80.59018611,78.55279254,131.94207,46.07978927,46.01872628,61.27888092,36.73621505,92.1084412,58.09210262,94.65907067,14.27500147,37.37203601,14.51222986,73.55452403
B100,120.196766,95.37822695,87.55768744,64.32522929,51.7882174,54.7127187,123.5198712,79.14652909,102.2206124,86.10846327,83.59702307,73.36327766,80.25328391,107.2265234,38.90264273,42.86523965,51.41746017,41.32634547,81.32160347,47.43353574,84.76538693,11.49448234,49.73144678,20.0668933,70.5264947
B104,114.0166721,113.0344218,105.8288578,64.42229855,62.07428706,67.11289115,118.5951431,83.8776284,105.4394704,98.05154679,84.33239918,82.7833969,80.56445523,110.5219387,39.58750055,42.42470434,48.95833807,34.7147299,81.29180162,44.0055648,90.93589416,17.13993532,40.75766145,13.23551552,65.96098927
B105,87.78571202,102.4509575,91.12446674,60.68477817,58.41060103,64.54027268,89.84787964,72.95242669,103.4801769,69.96602239,79.12769788,63.48553998,66.5647627,112.6943163,44.02978442,18.27005896,39.32129379,31.23914183,77.27983144,39.92315485,82.842489,5.92845414,16.85392449,11.13801779,59.60786964
B106,119.6052677,111.5706417,80.28154245,68.04877376,49.51577592,57.59512267,89.73212787,70.42909458,94.80894393,79.31719463,73.27871469,73.61245815,61.39678787,97.6103395,39.75891962,36.56496292,42.75255216,32.29470243,87.22168364,44.67192102,97.58225758,19.18009722,25.88102572,11.54438431,50.54009501
B107,123.3663361,111.1023064,92.13307382,65.06556842,57.86832141,69.48736035,117.9685741,104.5601824,111.3274431,82.01833974,81.1242041,74.83889961,67.25112761,102.9326506,52.48004355,48.8478317,66.91912232,49.24620768,83.13714937,60.4546212,103.1535894,17.15835862,40.04173526,12.41518977,78.50642444
B108,104.5719633,98.72460703,78.22198277,52.26094434,50.07820318,58.91818125,97.45474418,65.47203405,104.332142,88.82239563,88.07150483,77.21297418,73.47555997,88.71861328,40.23881471,44.94838243,41.13158728,28.12403762,83.93312559,31.3917791,70.39206846,11.93772537,37.79051625,17.29012857,71.84227735
B109,129.0393311,125.1360681,105.0157214,76.92124819,60.14133446,56.60571663,129.7813926,84.31648901,106.5614827,102.4903032,84.1580089,84.10955715,76.87240979,110.8408512,31.09561143,53.25402301,61.22483608,42.22442888,89.6356395,42.65539572,97.37812183,19.72272248,50.93360081,19.76123215,71.7051495
B110,131.5259491,113.3219345,83.14186277,73.21023746,60.60974612,60.1770696,113.7264441,73.72762121,107.3139793,101.8971305,94.65580454,91.35266667,90.4402646,128.4721421,41.25414261,45.35075886,62.08892744,42.25042995,83.60267827,55.30588468,102.9591523,18.54369677,60.64765238,26.86159943,68.46292751
B113,118.162307,95.00033248,100.5391482,80.87875335,60.56356218,64.25008566,113.2174269,83.41365119,105.334857,91.33662574,81.93783769,67.40377115,60.32059274,108.593671,35.58300921,58.15612011,49.44116298,43.89794244,74.3552168,36.12009299,84.45387515,16.00327734,34.62256537,19.23558281,60.17461549
B37,98.36615262,113.6126409,106.5782831,64.48458511,49.96643848,65.63673318,84.63716155,67.44637567,105.3908982,73.6077022,85.83079253,83.74779557,68.3644048,112.2888495,39.42954181,30.21675893,47.05535162,31.06599072,93.26832476,39.88362857,93.14795934,7.3689722,49.84345641,17.90170983,59.89415228
B73,115.699005,129.1311063,116.5826619,70.34993015,58.83378453,70.52336946,88.5934522,67.29475104,111.0648755,74.65247808,79.77948762,96.50613098,78.31034565,104.9301686,35.37269955,38.87452582,56.56596339,38.69157839,92.37155626,51.83222297,102.6038104,12.34406877,46.52607317,21.41397939,68.26844459
B84,128.6488511,108.0117356,104.6780013,65.79243876,55.54441011,64.7454628,104.8297854,80.94907306,103.6379794,91.16283316,86.86966472,83.50391153,74.14391472,112.4155248,46.16546929,47.57050317,61.16399706,48.61816317,74.39763195,54.46737201,101.6595238,13.45403774,64.84513994,30.37411249,81.32294089
B89,107.2825927,84.42294668,72.43824957,58.57766921,45.60110779,40.66839891,89.20250529,69.77861519,92.66966811,72.38791276,70.47909229,46.13567573,51.77381179,97.40948334,35.53501009,25.99313085,39.61993904,34.73620587,74.41687478,43.56440089,77.25077058,19.43906529,15.74010002,3.77433448,45.40949783
B97,120.7166649,115.5154979,107.7264784,74.51470323,56.58526507,69.03385949,123.9706167,105.0055038,119.347143,93.80614597,91.71345654,76.99466156,87.86832244,113.373959,55.2729165,54.07167941,60.5455422,41.53714398,102.7080996,64.32199733,99.93677995,27.1224412,73.42247508,40.86296877,77.56766326
B98,112.9644587,109.2405147,113.1897422,61.89045017,50.63359694,60.71758008,84.59002497,67.90974533,124.761666,95.09600392,85.31924841,81.63308126,65.16710975,120.0095374,32.3814619,47.71078032,44.64381711,32.94967678,72.82515018,27.16979695,94.42250032,7.568326,27.43621119,16.8262967,50.04818839
C103,117.4879564,91.09114273,86.14710814,63.05138555,37.08135644,58.20859913,92.11333177,61.39953499,94.12797543,91.83173229,84.21607458,79.51640526,73.19326443,102.2562037,37.40631472,21.51997184,33.4797384,19.36544713,71.86248196,22.84873606,89.34378382,6.93479348,17.18279444,4.92643319,68.21082208
CO109,96.93114188,86.00623036,66.97091313,54.56713301,52.22609878,39.36292408,73.61378032,56.95057347,56.04003762,44.1494035,70.44592814,54.01994694,42.81317081,95.58690947,34.31960964,25.36535025,41.91878786,38.10232375,69.32581305,38.18489402,81.61178758,0.87503187,32.4598024,16.44665963,51.77475275
CR1HT,113.3565879,88.46878944,90.9888678,54.51910887,53.67817958,59.57020196,103.816314,83.66485852,88.50318188,59.93968763,77.20064426,69.24814113,62.91490295,106.2591073,37.2039752,24.3696552,49.18818052,32.00570948,81.96585417,42.60746748,87.74431379,3.87247546,23.53316444,13.50595994,66.11888961
D09,100.6223953,86.53043268,95.36233729,62.46079954,52.4400691,46.02160687,98.84439837,69.55778514,82.44451617,54.04436793,61.87114522,62.63110491,52.1884436,93.96917381,23.74288353,48.5577566,54.05414075,31.66677242,67.24127581,35.67795455,79.2376731,12.54866164,47.88085762,27.06671812,67.60503059
DE811,101.5976476,109.2511069,109.666709,57.0689778,55.6974661,69.81635452,117.9048485,83.68917747,115.2026776,107.7581523,90.35154038,91.34981082,81.19195444,102.3854191,45.26195652,40.99040268,57.27353076,50.52720914,81.58968375,48.94025298,83.70509831,24.42631537,37.94884231,16.88994347,75.80582084
DK4676A,114.6726189,91.74301687,96.1927547,60.67606426,54.46947298,55.83557887,127.1405911,69.09731937,90.96759226,65.45801457,73.67144734,61.07330766,62.04331708,92.6839392,27.89560833,41.4802774,40.83167993,35.94853584,67.75232646,36.38028027,93.99648371,14.54587077,43.09708583,15.5129299,65.20824358
DK78010,119.4930353,104.7586304,107.9233109,65.45413636,52.50863204,65.15662245,124.2403278,77.25541909,103.0599607,76.15867742,85.62841777,71.61036464,68.83263054,101.2043206,43.76662014,46.9831379,56.7380103,36.50627733,77.39875799,55.21960392,92.03330932,19.3282423,49.79486353,16.89003763,60.88891848
DK78371A,126.6199451,123.1195329,111.1126858,57.35416565,57.06309633,69.03223718,78.10681871,75.62872005,120.8829386,87.47761445,77.92560246,76.64513437,72.30588559,120.6611103,36.02866719,25.52360187,53.98697203,31.11687472,86.59210734,52.02408626,108.8730902,5.3457051,9.45991948,6.02928758,70.80791573
DKFAPW,106.7012005,101.5026028,104.8869336,63.66286455,55.35963806,64.79740212,95.83152073,80.46378979,93.31571581,71.56601196,76.92333767,68.10543093,52.56595946,103.7472801,36.3327191,42.64464442,55.82847441,38.04382102,81.17243572,41.38979073,95.1191003,9.55046364,51.95615919,24.16758458,65.54779605
DKFBHJ,113.0862135,103.336762,86.87041152,56.35970823,42.25946353,50.74649945,93.7730448,75.80030862,85.28739152,78.35219836,73.65376108,73.81519264,65.49925342,99.82693126,27.12889966,29.73619616,60.80675424,34.84313796,69.47139285,36.14717124,74.7163278,9.56275729,46.82588869,10.6835554,66.10753827
DKIBO2,107.723858,110.8158805,81.46759592,54.17277342,49.27991349,59.99381857,93.57637486,66.52581954,92.69809175,75.99063085,66.32881014,66.02544431,49.76354885,93.10996321,36.87616314,22.87162552,45.47410678,26.17980156,68.38411218,51.19471211,87.34888196,9.77613946,24.49534868,6.44625561,60.07594026
DKMBST,135.3476749,123.2646089,114.5979483,68.42524839,66.39289452,71.57402844,92.02463439,66.95128167,114.5230084,80.08796751,82.42571978,76.58514825,70.67048899,116.8138533,51.71448649,40.25165313,56.39114866,37.86554117,86.4199719,54.95498909,114.8263906,12.00636931,36.47737162,10.27185483,79.66653995
EA1027,112.2167181,82.37384585,59.49178378,64.04055617,46.65721029,55.88639049,65.17987022,57.9840544,77.94819827,52.02589225,73.12535807,33.82102761,42.91689939,112.0902822,32.11382334,31.56524374,46.39151351,27.27917382,61.76742264,33.38191557,74.77423199,11.07476048,30.66481579,12.92440993,58.22935567
EA1163,81.07059073,67.41266299,53.81616184,59.43910217,42.96890401,39.14506199,75.75398325,48.61444492,81.53108326,55.08905696,57.62943003,55.25842075,44.74937054,77.60136032,19.49641701,23.37016653,37.01554417,23.28512126,56.33333004,38.90995022,66.45495527,1.97329555,22.44097433,7.1164619,49.26176455
EA3076,98.65506235,96.79800503,86.41007024,57.74012625,42.79114513,55.32157353,73.90597407,64.40983701,95.20753216,71.22441667,64.1803199,68.42341637,64.41671498,86.22764967,33.48265355,42.46861578,50.79037063,33.01750486,67.6341003,27.06351341,67.29162955,20.69384418,39.69187294,20.79466243,66.02539943
EC136,106.3882016,90.9727082,81.11155495,56.51083249,47.44711272,38.78925351,113.3925464,61.62921218,91.00104178,56.22564591,70.64205751,75.61479829,53.05259879,91.48022294,14.89815535,24.89902637,42.59697291,27.19146053,74.61108304,29.98975342,76.80757669,10.28958766,52.56613617,14.43153598,51.26238509
EC140,104.2299623,90.07060629,100.4148347,67.34162048,57.27618647,60.85388529,106.5406874,77.89742174,97.82313204,81.69428639,72.20286964,83.05063002,74.88634653,105.8047106,36.09041621,38.12076616,51.63175549,33.62575494,78.20598381,47.44033646,82.67510758,12.69401828,39.2618792,15.87744862,66.27121432
EC151,100.6062484,71.91801723,92.2245674,85.81447527,54.2700416,57.0322458,114.8655857,71.71691754,81.44711369,63.15752028,80.41924917,47.95461359,51.93945567,110.9973796,52.07677028,48.0314855,46.44573093,28.82002028,67.14753744,49.42416787,87.00852363,21.72987871,53.62687627,36.45746671,75.85536624
EC169,110.5022434,92.23887237,104.5643566,62.86219727,48.42853804,47.09281871,100.3522087,65.73541687,87.48653423,56.48222955,59.80292702,55.40919009,53.28296309,83.16760343,30.44594704,38.89654643,48.00146812,27.51259027,60.17982412,52.77601643,94.87500785,9.11706327,33.38368132,14.81762643,60.43895203
EC175,84.3520169,91.86284442,99.51806463,57.56249974,33.48525982,57.16217309,102.1998383,78.02204363,96.07164076,70.25884172,63.64084967,55.72218991,52.65679154,75.20192483,26.66460236,25.81778739,50.60683925,28.66152198,72.08390819,31.38259653,78.11664463,1.97329555,20.24682134,6.60451718,67.15577502
EC232,108.5610659,90.68136969,90.33730663,51.39362892,46.46545153,52.5200276,92.94460631,61.15747197,88.68285345,73.50978135,74.41159763,38.3702258,57.28292418,103.185176,41.5963581,27.48295078,48.37350005,37.50822838,78.13598758,51.52620709,84.43020058,22.22743313,43.22133458,10.1588779,70.93872533
EC242C,109.7674376,108.9292804,102.5732373,68.44556936,55.34867073,59.33802074,126.4986372,80.88596437,96.25270418,78.92721569,73.57236819,61.96068984,56.86201329,92.07664043,44.7781388,40.78555885,71.9883146,34.78085041,74.00944626,60.22600358,97.60569898,15.50270359,53.33130621,19.84709538,78.33021751
EC334,97.94708201,96.14579291,106.5668033,60.67185721,46.33941503,68.3737767,136.8578618,85.32165041,102.6885168,89.24561821,73.76732843,69.92988434,71.66888819,74.36004881,34.345288,40.57701569,54.411246,34.23738979,97.36795307,42.82590488,83.07248357,7.10177344,36.37102314,14.09586368,59.26122112
EP10,94.19770561,82.42909342,82.62792152,44.37273027,38.72335486,47.91207215,67.40961102,37.61962669,66.30874607,40.51070293,54.54917878,54.98677186,45.39073478,83.95480511,24.48050064,22.53861127,45.85205644,36.81591021,57.92105006,33.08071113,64.26026893,5.65514626,34.38009679,22.69730386,44.28951989
EP2008-18,115.6189928,102.8089076,94.61686933,69.19965565,49.17339887,52.36044069,112.5127722,72.42407058,86.03502217,70.11150038,78.88270092,81.78536016,72.74159234,113.470917,39.99143246,37.76966301,57.72857459,50.86495447,75.59786147,44.11925236,84.09909797,4.58996881,42.32789865,22.6161295,60.77720959
EP2008-22,106.9618925,74.16572758,83.57330458,67.36733835,49.59156117,59.40156772,94.6459151,76.94984567,87.88906357,69.96602239,85.45353531,61.2791308,55.89598611,99.92791291,36.88892423,23.23151601,53.09057688,41.59666997,71.97156624,51.35727323,81.37676231,17.16627922,26.24467641,15.43379249,49.47403056
EP29,111.3902429,103.7594262,111.4201655,70.21764352,53.10101841,51.24175767,104.0887891,73.66872694,98.21342318,81.85816745,71.53106386,80.3098121,75.57436477,104.090122,30.68358724,47.1000793,50.7990159,45.05792251,65.86209956,36.24562737,80.28364366,26.79420595,58.42266787,30.52749757,60.89147162
EP51,95.18578379,96.83919669,77.78234616,55.75476719,44.35197945,54.63438048,71.54708459,51.9170731,83.64493747,72.3367537,71.7566235,62.84616969,53.36888596,88.6019372,36.32448331,24.27526191,38.27727131,19.62547341,71.46994068,38.79072233,77.06374081,7.78978492,19.59867267,12.43818454,49.78447691
EP52,114.2322088,118.8002761,84.03247935,69.84565587,59.7413059,65.34986577,134.5822031,71.97517376,93.60530614,70.870145,81.99504556,79.39357139,65.39337033,108.561846,36.38007973,57.18693227,44.57785977,39.81548817,75.5506624,44.70641589,89.72195803,24.91387248,54.86129444,23.14732685,77.81239842
EP55,92.50375368,73.0745577,81.33966328,58.65207468,37.54107523,53.3163771,85.55063873,61.90745904,72.76373524,62.23031653,69.77471593,59.10205563,51.40831277,86.65427894,40.36930512,40.88521297,48.88063383,36.175628,48.01724008,38.11836075,69.61859868,13.75283569,42.65954281,21.6396286,63.75897949
EP67,98.97218134,83.38081861,80.04697231,52.30073696,56.82463812,47.89318222,97.8392576,63.57507183,74.16526077,61.67429037,68.02016585,58.37890507,47.02298472,89.99925194,34.64646825,42.71935786,46.05909679,35.17354257,43.90269549,37.5181067,76.67458603,11.6112405,28.16562962,11.48235329,60.10915259
EP72,105.4154788,75.91429416,81.48046998,42.87135563,30.20909213,50.04743677,79.65122134,45.41003206,80.13925193,44.14352054,55.73061357,33.20675708,34.21446388,83.22183413,28.39009369,37.40510945,47.18256202,26.98631244,59.9155484,36.15573844,79.39068541,7.03510478,25.73166757,15.99460442,48.64125485
EP77,102.9416915,90.01519618,71.8485351,54.09553581,39.18635508,33.71661785,73.16530772,46.04642465,76.1132865,52.65773661,55.38826061,69.16060125,43.58478925,82.36922993,17.00855008,38.82232551,58.29449927,25.51810973,65.41811967,29.64541302,79.96634235,4.14355959,26.6860105,12.33837635,38.94369585
EZ11A,108.5852073,114.4790695,98.83956296,72.56529165,60.69700734,63.54329346,116.0569357,79.12943069,103.4801769,84.59404003,87.51768685,92.33246925,84.04278688,115.3078977,42.32468351,52.04682762,52.83436391,42.62327393,79.40485901,41.64948352,82.06476111,27.58520896,60.83299381,25.85620188,62.99618503
EZ18,120.5525984,112.2589656,94.19379531,58.1146769,58.67388808,62.03464798,83.81370437,75.19774675,90.28005063,77.59852555,71.30098991,81.96822287,70.95840906,107.4283806,32.82566359,57.30143855,63.215646,44.14859573,72.15932629,34.15205749,85.61236347,21.03745024,49.7540023,23.86758335,68.14360512
EZ31,114.1174883,108.4883445,106.5533624,63.89497018,47.47731065,61.39921589,100.832076,71.23290064,89.62882315,88.81010109,76.11116538,77.80589981,74.66122663,101.5258016,26.31613603,33.34415379,44.48397573,30.16040527,76.14855763,42.15155027,85.29283375,6.90334262,24.78322054,7.01262044,70.59515806
EZ34,NA,NA,NA,NA,NA,NA,NA,NA,NA,NA,NA,NA,NA,NA,NA,NA,NA,NA,NA,NA,NA,NA,NA,NA,NA
EZ35,116.9040563,90.36734719,98.15336942,69.95262355,51.51132889,55.31659523,101.7644001,79.5134989,102.6157605,79.22245936,83.821857,88.38315637,79.00557525,88.46193267,41.59559337,36.90675875,52.75376734,39.47640072,79.2451163,32.92709989,71.71359277,9.44944069,36.57944554,17.63352616,73.82371337
EZ36,117.5818685,100.1238051,89.57619734,64.48079787,55.18727382,52.12702474,108.8276775,73.0209876,110.094418,86.51779296,77.50711331,80.49398362,62.2206251,113.3120099,55.07988995,54.69538909,58.61706251,49.30346603,83.30157273,50.33098866,82.75219684,30.27556399,56.02748759,32.1556282,70.08099088
EZ37,118.9402879,112.0912224,109.1437663,60.97188161,50.96467166,59.03871911,111.1588244,72.04654118,86.78472405,74.56033727,73.5445962,74.32483319,66.560325,107.573429,42.53923002,46.50198347,63.02591181,42.69877568,77.43360888,52.0747058,85.47108983,10.46270928,54.94585311,16.55047679,54.94519875
EZ38,124.8278127,103.4484335,97.44250715,56.24038498,52.57488705,65.61929507,81.58824617,76.15214749,109.4513246,86.25356955,84.38790869,70.0800649,69.66788529,117.0948591,40.8224944,42.45136442,53.99533769,39.37087322,88.11199126,55.81790186,72.46940135,8.79875362,47.00613976,31.54217042,71.98090381
EZ40,107.8265812,103.8210117,95.91667897,70.21879443,52.32160499,69.11857596,134.6294761,105.8390242,99.50739176,80.40305367,88.86736543,64.52729082,67.29172779,118.1686594,60.94065058,45.27761084,52.33077855,44.51905167,98.9976071,51.55689865,93.52828649,13.28582857,55.78340982,29.74295859,64.27396838
EZ42,120.39301,118.5008532,95.10803208,68.58451151,56.44229347,74.48073664,128.512655,78.74082967,109.9954775,92.48819222,81.27366231,62.5406331,65.1303253,108.0894379,50.72464216,52.03106603,48.82888806,37.54073839,74.67365698,50.59279962,94.47640698,14.99157562,46.56686848,26.76013082,72.51197542
EZ47,98.04412142,96.54189622,94.73616295,39.83116856,39.8296522,57.49418391,118.8863602,77.37514749,86.49697662,75.10867551,73.58670463,77.09322152,72.94782475,107.1105691,46.07843849,32.98090479,63.74464198,31.99403687,75.51613442,30.03080129,70.81553508,4.5008706,23.28299359,9.24170318,68.02273548
EZ48,131.0766572,125.804968,113.6738358,70.87842231,52.82823548,58.79686854,120.6997397,78.93979421,97.47174738,78.623495,84.32205843,79.25854534,80.45893926,110.3921991,38.94222575,47.39825227,57.73823042,38.4266267,82.15280674,42.56990118,92.23983104,12.0837377,52.84005074,21.43174164,67.15738635
F04401,107.0506127,90.23847919,103.6151055,72.53063827,58.38349783,55.88627405,117.5027256,89.68469576,91.44885514,75.98169304,77.23951468,87.31528553,74.81954927,103.0608637,45.18259114,44.38584573,56.07388607,44.70168348,71.78584131,59.18797159,88.79147822,14.79075597,59.05163174,29.23597727,80.01126845
F04402,110.1539264,100.8610992,105.7374847,54.2211396,54.573765,64.38390412,119.9015517,94.05599836,96.94669803,81.85816745,76.92132802,89.78524719,81.40314407,103.7793813,43.39009821,51.93617941,46.83051881,23.33552792,71.55868918,56.96210047,84.8074495,7.48352679,50.24910974,23.95294769,83.26506797
F04701,128.5929759,115.3659057,99.47743662,71.91541189,61.0521489,66.11928748,89.98958325,74.80365175,109.5318002,82.81463516,84.18417997,75.19251513,81.81848395,108.3627328,38.15247948,33.00836252,62.57167446,28.64975501,82.93507369,46.49000033,97.80513268,11.95989436,30.80632389,6.58437883,69.82957719
F04702,125.988644,117.1789373,92.40231269,56.66142969,47.97830705,67.68877926,100.0225215,87.83428275,108.8125356,71.6246831,77.66072214,52.94738835,58.51684584,104.6448294,34.06485598,26.03208748,53.4743404,34.22402594,71.88491103,41.802236,104.5117268,6.9870995,24.23431965,5.39504803,69.78429319
F05101,117.8871627,115.9701347,110.5104607,61.25304321,57.26570639,58.95238811,118.9343375,75.48547772,113.2387105,95.52318878,76.48412026,86.17553013,84.37293072,101.585145,42.18876519,27.80535699,54.88332111,39.12598627,78.41864161,57.05259289,96.22913582,9.17669914,60.83573165,16.28871723,71.34010306
F05404,121.7390315,114.7485718,104.6877414,74.87082425,71.49434785,57.79346852,140.8761446,106.7301827,112.4664854,105.8716307,81.21762624,87.05411728,77.8323976,117.5502233,49.62177084,49.5024425,48.60648392,37.94984117,91.56216818,63.74471655,92.79902942,12.96823133,49.63704317,16.09478311,74.44965118
F1808,116.4024819,109.7846452,97.00302506,74.1925221,57.17503756,69.90793302,118.7299281,92.7227762,104.6178112,74.01281788,80.57435936,76.81532286,66.63133739,104.5914488,43.66013701,48.19024589,54.38811464,31.61896944,75.05253611,50.78827166,99.2130485,9.64712325,47.20400228,16.66581637,65.52507781
F1890,118.1655177,102.6233752,101.9381034,64.55045017,63.73155848,72.33807718,125.0234068,114.899122,100.6417589,77.26884097,86.22541002,82.38579019,76.30665475,112.8237688,48.27541986,46.07151636,53.16276477,43.54337563,81.44887667,63.65197124,101.7769582,16.36559694,54.37850987,22.64296979,78.9093155
F218,98.97343576,86.40599654,101.7226171,57.98089289,54.4857935,47.3923492,95.9686878,61.3121721,68.71297098,56.59389256,65.69666892,42.96556507,43.81905729,81.72974742,35.47386849,44.35446745,55.63389245,33.87855934,63.82877901,52.56684485,79.44559786,18.94695217,24.05605235,13.29537443,65.92113897
F252,77.47393048,68.71952786,57.89483402,52.5376864,31.53095873,36.23016886,69.36319914,49.14064977,59.83161526,47.71713959,59.1875523,43.72567533,40.98694712,72.3666755,24.51768735,22.81137333,45.33506235,28.26046468,48.21364776,38.81779856,64.46289206,9.12732305,26.19601223,11.08822951,60.50253356
F353,103.5050324,94.12468002,103.1902359,55.93959418,43.86503773,45.38378431,109.8197731,76.61244598,89.79940223,66.39528309,66.57537542,66.85875294,59.57946548,90.33183482,39.5252817,36.72621942,44.24332004,33.87570155,69.30684705,46.43397161,85.67374451,20.892894,49.88931423,28.73877364,70.11252555
F354,101.09621,72.76230744,65.02598323,67.13034029,53.16825306,43.02055029,90.53947044,82.36809718,78.72751857,71.69104886,77.80174212,61.24178677,53.35172451,85.41505036,49.67014563,46.83910567,54.1399732,35.41395434,72.08297741,50.68611534,81.42256658,13.81824412,38.87374122,20.53555877,66.97884266
F608,99.95612955,100.2962867,92.2449383,47.92719942,41.126421,49.12492907,92.81573763,70.85068164,105.1249738,85.59981302,70.53988968,75.38152482,73.98152214,82.11683579,24.39425532,50.53646585,56.36216601,27.81443374,69.73655523,47.21717595,87.09723558,17.78477034,24.39126526,9.14062513,71.45528646
F618,117.2647975,113.3526357,113.2697252,69.78234813,55.43389401,62.59937362,115.6827619,82.08253023,93.91233642,83.03706217,83.81959279,76.08251692,67.62194082,103.0703744,41.81226498,48.1718461,54.51254161,37.37888294,77.98793267,48.53362519,98.39479121,12.17145946,57.65432419,24.58331828,75.79098218
F7001,99.63127327,99.8229933,103.5611765,62.00365527,48.84148387,42.83509937,97.0152116,70.26381158,99.36247338,61.91507328,74.16443457,61.39888463,59.76093659,104.6513409,42.70683282,45.23026374,56.67393584,41.35922395,68.84232797,42.42252793,83.21521651,15.02806195,55.49491302,14.79786279,59.61031642
F7019,109.8916991,107.6883428,94.62314198,58.74698471,44.1203866,52.69516792,89.93936569,56.28201668,83.02388992,52.95120042,76.73637022,72.83563962,57.72511795,100.0219673,37.41401346,51.37719731,54.54489328,30.92087148,73.65774401,50.8966814,91.43326267,14.91686946,44.09055155,20.22211131,78.41719015
F7025,101.7399807,92.23658888,97.96657777,61.52935194,52.5596201,48.48383022,100.2524031,83.36070686,83.17644157,76.43240691,67.34032885,63.79010044,70.46128523,101.5643059,24.99017688,32.01744547,46.35034615,24.98338669,66.8472738,30.93023383,81.31992544,19.43906529,38.0219172,15.80333919,63.63462755
F7028,102.2856492,90.26850032,97.05846966,56.77925924,52.26110599,49.79734763,102.8517595,79.56191833,86.39334388,64.78597106,76.33437693,73.30946011,66.55575605,91.34785924,23.90486512,45.48742242,62.91103788,40.51197314,83.67001763,33.52943037,81.61678948,17.27686399,59.81602045,33.03957716,62.99178513
F7057,103.1857257,85.46063007,88.21924054,59.29462767,42.33183207,56.41634868,107.4431403,78.68701732,86.70109958,81.38205934,68.76665741,79.05769171,62.23537206,89.61062197,34.07860863,38.40352424,54.26791909,35.1102497,71.82696201,41.83716748,83.09103545,11.2317934,40.77279919,16.78593685,66.77156331
F7058,106.439949,85.61463322,92.73624076,58.54755984,47.07160666,64.75741668,98.85812343,74.93000696,80.63142508,74.03595797,63.2069418,55.17719889,59.31753861,82.31485651,22.72192061,39.05083253,45.49364709,25.69544241,72.2754075,37.11659533,74.65163236,17.06578403,44.70445482,24.48548363,60.25076323
F7081,129.4592533,103.1239228,91.90059778,61.19478307,58.40317818,55.1476506,111.9469109,55.60792544,82.65419592,53.65839979,75.39876763,64.26921511,64.38132867,97.7699117,35.82479101,43.12616301,50.35566335,33.6823059,68.44279563,43.73031469,96.96446281,20.81829782,55.68867846,29.20741267,68.57151103
F7082,92.92288241,90.41512698,88.67574748,62.67939266,53.08478653,57.58760573,125.3889241,70.82946959,84.87899025,49.84702593,66.42886468,67.73978406,50.06613227,98.18110712,40.23569257,45.3470324,49.02912676,30.94917037,70.32982922,38.92500138,82.09162269,11.72607433,57.22154176,25.1546353,71.78183343
F712,112.3892488,109.1858685,95.31803539,58.56716277,53.65527406,42.85390005,86.48041031,71.65395317,104.2200522,77.85252096,75.17356373,71.10822798,66.07630877,97.80192555,43.10437836,37.48766301,42.69650155,37.04438236,68.16070848,43.22582556,90.80726588,22.14126609,59.00697783,32.82462631,75.64135607
F748,119.6303577,101.6314564,83.15827519,58.8729383,46.78669726,52.28757864,109.7538768,72.65605884,98.01309334,87.88471047,76.34878513,84.67465041,73.75231817,105.3057111,39.21466098,39.17112961,50.53959934,29.8184849,83.00840837,42.13910866,92.80585065,9.93354074,39.80660241,16.67352237,75.21584823
F752,115.1405364,108.1792482,89.5710405,65.03411102,46.87804954,50.21997498,107.6941968,84.39648333,102.0328414,83.84632475,89.6297715,80.24078751,78.56853347,126.0535144,43.2795358,47.6717497,44.13933314,30.8294598,96.04062683,41.55862136,95.61374203,15.81164195,30.44852429,10.93783416,67.27219869
F838,105.7572198,97.70440066,97.75197689,58.52311546,54.37566993,60.56730387,107.5119236,74.1682836,95.28322349,82.87333312,85.9994071,84.21092616,70.91382494,106.6195432,36.65809356,50.31822522,54.37616419,44.08266005,85.20860128,44.22450682,82.42190621,23.03557958,54.0310627,26.53364847,71.87085471
F874,81.81944041,87.23091463,82.82705561,42.64686862,45.78539707,51.65163936,82.08825396,60.52857528,79.39677487,69.89589853,57.51708759,61.06854185,55.27137232,66.1414313,31.04758564,30.03733851,48.64372862,32.96686956,52.33003745,48.01625101,67.97080495,9.80283336,27.18571303,11.23788339,58.60561052
F888,80.66443514,102.9902017,96.51362561,58.13938688,45.70294946,42.79966816,96.5543453,80.06402301,90.85049773,75.48312483,66.23264048,72.8204474,71.35313715,87.68295707,28.90362309,27.73060397,45.64717279,26.23497036,82.83793505,31.10593417,73.22455871,4.80018605,22.24706635,5.33288603,60.80652806
F894,111.6457778,111.9904368,108.0435083,63.0659142,50.4500843,63.16099168,104.4798536,73.99146635,98.6372439,87.10210032,73.03301211,85.51796784,85.55258111,103.5652885,40.28940232,41.13607253,55.39974592,47.67842803,73.01959243,42.85458694,90.45558672,15.48592323,55.55915812,17.32129459,72.09251148
F908,101.719253,88.37453812,82.63460457,52.76925886,52.07293535,49.83155406,105.2474593,64.97864927,82.16347605,55.39516262,61.18620094,71.81286291,66.66317182,81.93641084,16.15899882,22.14189724,47.44246282,28.37026396,68.35612914,32.11761144,70.32782033,2.98340801,32.6822742,12.94774523,59.17104478
F912,110.2897016,107.5273061,103.114648,67.017126,49.16170183,69.86109044,104.1086238,89.81454071,100.0929053,80.29793364,72.73630264,80.70667469,68.38073747,93.68782207,42.79729358,36.21238785,57.15387633,33.06269259,85.26819768,47.98995839,92.37245677,18.20186893,25.59967744,14.85176972,76.52858723
F918,116.9125909,113.0853793,109.3486349,68.15052136,49.17995145,65.05893177,112.1331594,71.45219175,88.63401838,86.85005077,88.68137622,73.95615657,68.98956224,110.6178477,37.30926067,41.83320442,51.63611789,35.47707733,83.61344541,47.93290946,84.90334952,19.01764977,61.12595526,33.807878,72.612583
F922,108.7793728,98.42459676,109.7158486,61.00975815,53.65197375,63.19170018,118.6079509,81.31745384,85.80235486,62.71798804,79.52961727,67.90456103,63.017993,104.6034837,42.01131244,49.30324061,61.36615433,44.15970817,78.45184777,46.4188757,85.78776191,18.73871596,47.08492717,24.32415979,74.90788153
F924,130.775854,100.8337077,89.00162821,72.78809292,59.48689265,62.33305961,127.2256882,89.74110408,109.8693692,87.54866666,78.15401323,87.93356368,73.60610587,115.3077599,41.12520195,48.80529191,57.72816339,47.34933149,95.6644474,53.9661766,114.4714816,24.03874588,59.75990418,24.7248271,80.1540513
F98902,117.8026376,114.9958426,103.6879782,67.37933233,57.26816906,59.86153537,128.7458628,91.07488829,95.5472208,80.00697374,74.12499316,75.61982613,67.09772711,114.1789479,38.12811599,35.82107362,52.74387304,36.60570865,84.32079786,65.99266892,94.27686331,10.845974,25.69056731,9.57370805,70.99698435
FP1,109.493982,86.57274663,97.91003095,59.87713486,43.83675771,53.99191475,85.36008843,61.94176685,83.82808841,76.19625243,61.4785767,66.3399121,59.212796,89.62017403,19.6991805,43.84545542,47.29900322,30.03182381,85.1101504,34.47451863,82.87116072,19.27209455,36.00556629,20.25111515,53.55826397
FR19,113.9067202,94.91250879,68.10770579,66.276737,56.25951413,40.81836548,100.6234016,57.15987723,96.33619746,66.54430732,71.86555268,37.00995818,37.91035838,105.4234213,34.08655779,32.35201575,70.22143842,33.03581532,84.19627636,38.06941821,86.31349219,10.58117566,20.48444207,11.72520336,54.42882652
H99,109.0154677,91.79839307,96.44259323,63.67251997,52.93606627,60.67724957,105.0510341,58.99016781,74.44885903,66.5994705,78.92691625,81.75623794,63.59630563,99.60967663,31.49789056,39.88391605,45.81434497,30.51487732,67.5005613,40.68078077,77.92272081,14.19105903,45.2938377,16.26535813,61.93714667
HMV5301,122.7678649,118.1973102,105.7387331,63.52947142,55.78550716,63.96714479,117.0850329,108.6378392,105.444168,69.34931544,86.14383237,83.12985368,87.033144,113.347792,50.91367148,46.8546219,65.37945522,42.65296033,98.75883505,61.85211739,100.3511012,11.15750357,58.12550335,28.44387218,87.72732
HMV5325,108.2639324,103.4274674,110.300384,63.8704685,49.0386847,57.58737293,92.46265759,97.76915171,109.7632867,73.35171583,91.083997,77.27110603,76.44890768,101.6780438,42.24367251,45.28169054,43.41012778,43.65780571,86.64481334,54.92216086,97.77757686,22.39409208,52.15714529,34.40748539,86.97629379
HMV5343,107.8753281,87.02867659,91.71303496,70.17058149,61.55764531,54.21036253,100.0066883,80.42753577,89.25832866,76.57723569,76.6257389,83.73822762,73.51288821,104.7602518,25.5806421,57.17465412,47.34588148,40.42716565,69.59378173,56.40104569,87.35555369,17.14042219,44.18986859,21.68618115,71.42481051
HMV5347,108.4293018,99.61094241,101.3940379,57.8347467,45.86181151,62.24899381,114.6725463,73.49054213,87.68190966,77.57599029,79.9814805,59.50911863,61.43843724,102.19419,37.54296692,46.6950265,49.13119936,42.24615441,83.05854963,43.10758654,80.93911417,24.03811951,54.92347549,29.00582605,67.99050941
HMV5405,121.8980579,113.764313,103.8371669,72.11375267,59.57416902,45.49614931,121.8317404,88.8433627,95.69500133,78.75819957,85.4516112,92.30712398,78.74395084,107.8761577,45.86056697,64.1869101,50.36386918,39.58839552,74.18850142,60.30464476,102.1578962,19.64101668,55.04232221,22.71329248,87.38610562
HMV5409,124.2572152,96.87485447,87.73522883,69.331238,54.94086061,67.97487333,104.4299616,89.86037116,90.30444522,82.97594526,71.05527587,74.47188719,64.31689983,100.3794489,37.00691177,41.84789754,45.81890301,28.60859031,76.78134691,46.96234451,88.12703215,13.95328788,55.03276847,30.45069693,72.08301798
HMV5422,135.0882231,114.6851739,88.14419306,76.26077061,65.66144428,72.50494263,121.5192689,96.27578451,121.4380421,110.6818186,79.70295424,95.24472422,86.4435436,122.7148257,47.00445686,53.45739343,47.20585224,40.25391282,90.51649573,65.57723331,112.5898187,23.87448225,66.28374181,33.74729717,80.01110082
HMV5502,121.6031704,106.9995271,107.0364727,57.47129348,54.9015122,63.74979579,107.7420577,84.39704451,112.1869716,79.09936729,87.15010442,81.1386886,73.74267871,105.8550918,46.27278301,55.31128167,53.55931431,45.24098858,87.9414527,50.13189302,99.46480525,21.00612767,71.24325302,35.67277054,81.39377919
I198,100.8242552,81.50579042,107.8393838,60.78170867,49.22569378,65.6503865,106.1652989,64.27715449,85.62081539,85.08913659,70.40695369,65.42039657,62.92887817,97.51612446,45.31210395,53.59313037,50.11786297,25.97640697,70.42500445,45.57568613,86.56845595,20.11091328,28.95961484,12.84048617,45.96698369
I205,NA,NA,NA,NA,NA,NA,NA,NA,NA,NA,NA,NA,NA,NA,NA,NA,NA,NA,NA,NA,NA,NA,NA,NA,NA
I238,124.7615142,100.8777144,91.04192901,73.89644872,56.68492905,57.46177032,116.471567,59.05845718,90.5508953,70.201863,70.96111848,86.17233343,70.90740968,106.6752123,37.7227795,53.03485176,59.81210889,39.47504211,73.09863559,43.05094709,98.95885103,13.53017591,51.33634686,22.31127133,64.28557843
I242,119.1348735,81.79545525,74.99978695,54.01575795,43.45544519,51.5143152,81.25529572,74.11657735,99.67037801,88.1439707,71.51161369,50.49031731,57.62974854,102.6152155,30.97899143,34.51424184,42.36072098,32.91999827,87.86140143,37.95630043,91.74658081,8.66970764,17.9275758,6.56655662,54.60090025
I261,108.7123912,95.2884961,97.16336018,70.96403095,37.2651807,53.20752162,96.00033077,81.31555934,86.29391982,61.29168788,77.75251757,64.2318384,45.83065679,100.4996816,43.76269598,40.85231914,52.89335236,34.91459486,71.93384497,43.81824017,98.80541522,22.8531059,23.3887097,13.89638068,41.13237363
IDT,108.5823771,107.1490601,88.197251,64.26444283,46.36174773,50.89450924,98.08177541,86.62532736,83.82134617,68.46335257,78.45229284,84.50948123,75.18030975,102.7912922,25.51653762,31.65365983,46.62197668,25.14718244,71.51035001,21.12382406,79.79469343,17.04831695,31.41195356,6.21451235,52.2974193
LAN496,107.1204405,83.49560958,87.72689426,42.23339382,39.23180547,47.75143676,80.97837656,68.93569267,72.05104565,76.12831051,65.28946108,44.70638117,52.02212286,92.97585888,32.47041559,21.49309767,47.35226492,32.38940962,72.57217008,37.28595158,90.13205445,3.76584314,24.64673742,8.99665549,54.99482693
LH123HT,109.2536218,126.0717763,105.4829671,56.84804647,62.28204324,64.09128793,113.3858637,83.96774228,110.7078589,82.9748183,81.68944712,74.43778712,81.7072337,121.431905,51.35551223,35.04887335,68.94673468,47.74731494,82.18358537,31.93594831,81.92704302,4.18344238,44.59532141,21.75967921,88.83663898
LH145,102.7900308,94.57379588,98.10238277,66.13524034,55.01717469,40.43293389,107.0077301,63.42374695,82.77153221,77.8487494,69.97654903,71.22068864,61.2552188,91.39862098,33.1856555,38.72030856,45.78842049,33.45857053,62.151558,50.83480444,90.42541779,20.45657848,41.23025837,23.38451344,69.09345233
LH38,118.3234748,109.3801127,102.2373289,62.41242562,63.41150919,70.46642526,108.407003,70.53412269,99.20872885,74.89175349,81.5462041,69.43382668,72.95250722,102.5255668,38.36702331,36.81998094,60.79075692,42.61927115,63.61727651,52.89704927,90.58280006,10.97905674,39.71157827,19.01745524,70.49618873
LH39,106.1328971,104.0621447,101.9136213,70.68809446,52.39882917,60.50856799,126.4666554,72.63776423,101.5866996,92.09544437,73.17891678,70.43789659,65.6744465,103.7790502,39.18024497,24.52067649,49.94608582,39.35351425,66.56952129,47.08209645,86.51671187,7.37677904,19.80668948,10.12307949,69.69436929
LH59,124.9685536,94.1744377,80.18042198,64.3344021,54.02081389,60.03022186,118.6398284,79.23798933,103.8100909,97.18554113,87.42567395,73.19078199,75.9924616,114.6034853,41.95470988,34.1950891,44.56858928,33.52413413,89.85546417,51.07734737,94.61256001,4.53143315,25.64161167,11.74397376,66.35043243
LH60,113.5480232,96.86297695,110.2068552,65.76390769,58.46889174,63.20160434,128.1946483,103.3968252,104.6178112,97.65730485,87.78210098,95.25793785,83.89604704,105.3475013,43.95143268,55.73439005,55.03591887,40.48319747,87.63642663,46.76658616,91.50830006,21.37993008,48.28011839,26.70826162,73.51009519
LH65,123.2171654,116.965676,106.9477482,60.2081111,55.89015952,64.60717895,113.4047282,90.11281375,99.08438329,89.79927961,89.71204249,87.41253593,83.4669697,109.264977,46.90775608,38.61432488,55.67531045,36.57716212,79.5665603,56.00205666,96.97267332,12.51877133,36.47765442,15.95542653,84.1003854
LH74,116.5552228,103.7192228,115.5285353,67.74189479,51.68801217,58.7743702,107.1187159,54.65895439,96.68406106,74.46964903,76.47731784,66.70468112,70.95453601,103.1503199,37.9052916,40.43286393,61.03647712,44.24711185,80.56103707,46.80499364,89.90231395,19.67244438,46.07499491,14.15264245,63.57503858
LH82,112.5704564,110.4462094,103.1515853,83.28920591,65.86751375,63.36570129,111.4807881,89.79367485,84.15314733,91.22344066,79.42188029,66.59178548,64.00418076,92.49853222,38.31235798,50.92100155,50.38351235,40.60839741,80.56523,58.58142356,88.37959335,26.84619233,57.15431846,25.19864269,78.43997768
LH93,118.8924154,100.3638079,95.65817453,68.56517051,59.4409758,67.58460142,131.3737688,79.91850534,129.4628412,98.8332777,85.80291985,102.3360191,81.9091048,109.549782,56.31216951,50.32280902,56.01149722,41.23470818,95.12622366,62.03572363,107.4661678,18.66860506,53.46697057,30.44941623,76.02042056
LO1016,137.6778364,125.2893846,113.8747833,76.09831266,60.14484544,71.44263003,113.0102174,71.481057,126.4153495,96.05194885,91.17343661,77.71538784,72.03971749,121.0327719,50.77695887,59.0890389,76.03263393,39.82766177,98.8696081,54.34818087,114.6674064,23.72245543,72.05286433,45.40016044,65.50609193
LO1026,116.4252921,119.1642712,103.7893734,76.15046443,53.8811446,64.74894875,96.79618467,91.15607793,121.8113985,103.2084871,89.06753147,89.64301315,82.32596723,107.975386,43.44508507,48.44849116,67.49551771,41.7726929,83.20922786,39.98451406,76.5684652,21.39545709,51.06918609,23.98555669,76.71926567
LO1035,117.0927283,117.5070404,103.4625564,53.00597299,53.48469948,69.42144014,141.8330101,91.5968204,118.3405499,89.95112823,79.39438018,95.65133323,96.6587594,114.0660113,45.95067527,63.08092064,53.06986565,37.77103375,100.0049638,51.69752483,96.46556705,25.69778246,48.62856113,28.82257678,85.7312145
LO1038,134.9992361,119.3433579,105.608278,85.39529305,61.12859774,62.34970384,107.4041954,91.90414857,128.1530292,103.8492976,93.48634122,104.2423647,105.5489977,128.492128,41.86954603,81.02518963,71.41990221,40.68595282,103.1115763,45.89882974,117.6047197,49.7861983,63.87926521,36.56449537,85.00884802
LO1056,131.6268582,114.6819813,92.20187036,61.50790692,64.15293426,79.81727107,138.5623922,75.50839831,128.2872467,98.50001773,85.98817175,60.77201507,79.92063397,132.345565,64.71077781,69.8255941,60.96550516,36.13842983,98.69051624,53.25020888,100.8786269,38.87909408,65.04482082,28.62673703,73.92131944
LO1063,112.2161137,117.2892791,104.2465059,70.77496137,63.37421877,56.32130769,116.9165377,76.32996201,98.17942085,91.16283316,84.84487011,87.04955482,78.05611951,113.2265949,42.10060193,61.41868781,80.22246599,41.7295816,84.0140513,53.38954304,91.47867867,26.52077294,69.89790211,37.21952852,74.91632886
LO1087,133.7402497,126.7986179,128.7297332,88.34397585,66.91653872,70.73898697,124.7285613,92.02864455,131.530311,127.3129407,105.0019819,111.5470689,104.132087,135.6169072,47.19135339,59.64963158,71.6485258,48.0048305,106.9920051,53.0975407,113.7979854,21.91730996,74.57792375,43.15534929,80.02684633
LO1094,111.5020777,123.4832396,116.0860722,82.56257571,68.29244066,64.85900388,130.6825897,90.24051211,111.78553,100.8738298,90.92303687,91.44990194,85.04299464,116.135443,36.59464063,48.14357531,67.81285983,47.33744176,97.22289104,47.90230698,103.562913,16.93847241,56.53663574,26.15014785,78.96563792
LO1095,122.5933705,132.9325131,124.929155,73.62779651,56.08621076,65.10551043,134.7591687,91.3707262,117.0191224,101.4485975,90.34897971,95.85691834,90.6426102,108.965251,52.68764846,52.21164549,60.8820485,42.99829396,97.11848343,58.68878045,99.78161369,22.38960709,60.75448185,34.74577022,81.90432409
LO1101,131.9651438,113.0123682,97.54497517,79.70792259,63.12858341,61.01273353,129.0046149,90.41380233,111.5823872,93.93854227,98.87492809,97.63964388,83.39904686,126.9554126,29.93698232,47.00021787,62.69027149,45.1405471,88.58383345,48.62821978,103.2266289,21.25408741,61.75229861,28.37769106,76.25069085
LO1106,129.2405731,126.8647809,123.4798711,82.59797213,56.21726238,67.93542755,98.85271987,89.39251054,119.9921867,113.0677658,89.61679098,93.53492594,82.38281577,126.7836731,33.94019546,45.71713053,60.04567878,33.71665481,90.53032397,39.56855626,100.635872,17.87512897,56.5376951,24.80911684,72.76969324
LO1123,118.6932103,109.4689569,109.7539895,64.13726786,52.31530882,50.92666116,120.9680271,86.2051496,104.8637873,80.83806158,87.81365987,88.20008129,78.10791564,105.2939917,41.36807285,47.15961389,51.98820732,37.62078881,89.81697653,50.60316805,94.4708264,7.48190092,56.53715114,17.57359286,80.19031862
LO1124,105.1122535,121.0842206,110.5063837,63.06946854,60.55241852,49.86605209,112.0734276,99.53095618,109.6149914,91.88961752,90.83084147,96.67051249,83.3098521,103.4715535,32.36111237,41.7563096,55.23563423,33.02377155,82.20687042,36.89214539,106.7449388,5.10571083,59.06956648,24.21179939,94.18391358
LO1172,122.4345133,108.1114467,103.9468749,72.17886266,52.74236619,65.87590451,122.339183,86.83334451,111.1615237,89.40472518,90.11916574,98.59420607,96.7835636,115.3513613,46.52018946,71.97630777,57.38853544,41.66768592,96.42624046,53.14671526,99.03078656,22.67303902,68.8092186,29.05373646,90.71702085
LO1180,107.3090206,108.0917045,96.94116474,59.2448811,56.93859359,37.35470909,124.6659615,81.73447743,105.8986209,85.10541948,80.87841148,85.14502536,73.92242234,106.7871417,34.95472914,42.77490128,69.57769243,48.44694743,74.77605054,54.54280966,101.2845859,7.54419462,64.33635604,21.40933648,80.91721254
LO1187,116.19427,110.1422688,104.6959108,66.98866616,53.83614768,55.88344421,120.8826211,84.48549917,110.9153376,84.53291799,89.04808345,86.99110091,78.490828,120.4257485,42.62957693,46.54756413,65.41306128,38.70426852,85.33363703,44.91356794,92.03478658,13.88886049,40.8655342,19.59862645,80.553677
LO1199,136.2917516,139.2023496,105.7995117,81.07410036,63.47914752,54.45378387,132.2706712,90.48731905,126.4463317,101.2289819,98.78413356,91.86456664,85.39581174,122.1817074,39.24353946,63.04103471,78.45151111,54.55435957,105.7199332,52.61401782,105.5282087,13.58931145,58.53651828,21.49724574,85.44682715
LO1203,126.0757399,123.5721898,128.0187317,55.53678056,58.07554179,58.14376351,96.84544731,73.65600729,124.1440994,105.8870224,92.94063237,100.6968146,94.72542218,107.597608,49.65230613,49.99015916,66.19769253,50.60045453,87.24581983,61.13499193,94.5761422,22.55370631,58.8294355,37.13195467,75.96177238
LO1223,138.3113633,130.3451835,104.7475546,77.65317087,66.5165516,73.45386412,137.1797012,92.1901904,122.4902828,110.4662392,99.86202258,113.1356715,87.85181772,130.3406617,48.49996382,54.73774052,74.30029655,57.25675309,101.4438489,57.74504032,106.907308,26.01372393,53.15891957,32.62240842,88.54149608
LO1242,119.0289983,116.0353647,110.6060534,54.17822806,56.95192294,62.47971004,137.377984,86.85605114,104.261799,89.34198005,78.7099554,92.70211727,88.38952574,105.9981775,37.64805947,53.84262771,47.82627851,33.2642756,86.15452015,53.70483019,95.08993124,21.01082423,33.75627641,13.57119012,90.87360906
LO1251,137.1824079,131.7044274,124.8230854,78.3743088,64.36278608,74.6851991,113.4612355,94.27911766,134.0687712,120.3417083,97.16330219,104.3905138,103.8442567,136.274653,49.22759103,58.63435264,57.14428616,42.04007973,111.6432187,39.35820463,109.244424,10.99717326,60.24375299,33.73885772,96.12510043
LO1253,139.0903841,142.1220641,111.2142324,76.10656952,66.18141339,74.08903577,125.2035462,97.326225,138.049762,109.410482,96.15562711,107.1084033,97.32792819,135.2073548,47.86607884,53.05925042,58.70257559,39.77542797,99.64175898,58.92495808,102.7797687,23.30619533,57.51641462,32.01219327,95.50920496
LO1261,143.4162495,127.2369471,106.0463111,76.16910271,68.82474031,83.95714763,117.7567045,80.9905772,128.2818252,93.76333369,99.57958267,102.3082754,99.82781219,124.4107366,57.05508256,73.71128239,62.23757752,50.20709595,98.24296984,64.46872396,108.4332508,27.17649104,61.32719379,36.31594964,81.78576433
LO1266,127.6283369,124.5827528,111.747148,76.97001651,61.11095521,76.05507818,120.3221177,104.7104311,116.9600959,104.966148,101.4669809,98.2576591,98.90619679,126.6361731,36.55100992,66.46988987,71.83546329,48.53111262,91.74808375,58.73399037,102.5926827,32.79460247,66.29619851,31.0510752,90.52785504
LO1270,129.4941485,122.8988923,111.8757224,64.56228807,57.74202207,60.95618271,119.3812403,98.72964716,128.1773324,115.0208024,102.9192194,56.89735723,79.91482406,113.5924094,42.61192585,63.63480509,69.11033376,51.54048665,81.8877701,40.25138483,93.16736357,32.31265486,54.5463136,42.46130952,88.42366364
LO1273,126.8019518,115.4182944,81.75816176,65.23612681,49.6346717,47.4872959,114.1888932,69.62588421,108.0443673,105.2538972,89.63065609,85.29366224,75.60635493,106.015113,45.77369789,56.38209716,63.98313159,45.3157638,82.7220217,64.97872613,96.87193252,36.28837452,63.17105002,37.69424544,83.54503211
LO1274,104.8932507,110.9127971,108.0381138,46.67632376,44.24614583,47.66777824,107.9951896,84.30773774,113.2797449,84.98164456,89.52235916,88.40628188,85.12578671,103.2429535,28.34335618,20.67288392,55.56739248,29.76628478,84.03736192,42.12271942,96.77735487,10.61221472,29.73401482,12.11414489,79.81881889
LO1280,104.062934,109.2528225,105.966121,59.62010029,56.29631081,58.20642943,130.8667283,103.7207868,92.63508714,80.21132909,82.32584559,88.25829027,89.73535264,103.7563684,22.76752376,41.15545212,51.87510067,33.53822857,89.78817096,39.49317737,87.10268602,10.05634832,53.30588135,28.18265391,61.13423141
LO1282,124.5955087,121.0904537,115.742239,57.81188256,57.98013527,61.70584951,97.8303987,83.18204882,126.0950922,104.7590545,90.05650295,114.1298956,101.2998502,116.3106535,27.37774952,55.61395782,54.00873673,36.06109469,93.51846936,44.82184886,108.0216441,21.12181301,50.07499992,20.73742256,84.02240562
LO1284,108.7894498,120.8199667,110.1721396,69.5752544,54.10884314,68.10172844,138.9970183,97.85157637,110.7071583,91.14005994,86.04820344,91.62870408,94.15202874,124.9892683,34.95059355,27.2388318,64.08300032,36.91082548,89.19117505,51.69671892,90.22186692,3.1752719,38.55170207,11.29068565,79.04067603
LO1288,135.7099358,119.9580618,116.3563958,77.75781235,70.2616197,70.26923022,149.2088993,110.1496886,122.472899,101.2837742,94.74497444,104.0272903,80.41514751,119.2532127,40.1769342,59.90545759,85.4629753,57.99531673,99.90382872,62.49963517,114.6698742,30.65335437,76.91125801,49.00745905,70.03146016
LO1290,123.2277301,118.3731063,104.5622986,73.7023052,56.51237632,61.74123395,127.7675623,75.15784735,109.4483748,100.8785015,90.54045337,101.5463315,92.50556115,118.751452,48.67183069,57.61889925,60.86051552,41.80498258,89.08808394,45.19233101,101.9190269,10.9138554,43.09477867,27.7044101,73.39450343
LO1301,127.0187655,121.8613117,131.3047613,77.93634662,77.6088731,76.56654623,126.0694222,89.80665947,127.9251726,97.85377715,92.26154327,102.196665,94.01368445,141.0987217,45.22152527,61.08645426,70.52724816,47.86002815,99.36866356,62.84893526,101.9056701,27.25791733,63.01289137,35.54369354,78.38164102
LO904,132.5530578,120.9534498,122.0135877,66.55540216,61.55643443,55.03048478,121.8592506,88.00360378,121.9473098,104.375103,87.73623646,95.44087118,86.1548602,115.061838,46.72814949,53.93908225,72.1633681,58.9379867,82.52895407,52.23516048,105.8169363,16.13953834,61.27542549,25.59366049,81.60777871
Lp5,120.597273,110.9250366,109.2605515,75.61806111,58.3224678,64.14149641,117.5089079,80.04190185,86.62449166,74.28878015,80.38509626,78.94093292,79.8911939,107.6281059,30.59105613,49.11110366,52.98596162,35.8009038,89.43847595,41.44937952,94.92621916,19.54521383,47.61085771,17.44631698,71.30723167
ML606,117.8915987,104.1142869,110.6303443,67.44101797,58.65444605,62.99739466,120.3222359,83.61972682,99.96561432,76.77931697,87.19607636,82.86749815,78.28461608,110.4607053,41.04159601,55.09095494,54.69278709,36.04964153,78.16626234,55.43943788,98.42877525,15.45376318,72.218071,29.84732369,82.15346124
MO15W,89.05808728,98.4033753,88.89101668,53.19941274,52.42271473,66.36019357,119.2871491,71.65647778,84.50684286,75.67872376,88.68985756,88.32663072,85.56573418,103.8994105,33.91531082,38.70644445,44.9803034,30.9422477,88.06733214,28.22634443,68.07920624,20.19757443,44.83936513,19.11290516,73.8514061
MO17,129.3065221,98.14683503,81.99415398,66.41962405,56.40056979,76.4275288,102.6783693,76.10908042,112.5244147,86.25616082,82.75360769,79.94048172,77.33799423,117.4065252,32.30624528,19.19568854,46.71297392,32.64337965,80.85858041,43.23108337,81.36592978,6.93479348,13.03808607,4.32261142,52.67982843
MS153,99.34476252,102.5101084,104.5537043,53.83428928,50.99294617,66.89586699,106.1039609,64.08477347,86.07700515,43.04366045,65.83181766,54.80519335,58.18686171,95.08657265,43.46180216,30.24009816,60.25711754,35.36103412,88.27067631,49.92262925,91.29497344,2.26445381,41.52324994,15.78078662,63.37706958
MS71,106.9147684,92.06870475,81.99765692,70.23482547,51.5323715,54.1990729,99.38459506,67.52876781,86.06391996,66.94899416,70.3301787,56.35171556,54.11921137,90.27721439,45.10299351,36.23170041,45.81929385,34.11739961,54.15133829,44.22884398,79.38273332,14.06459853,30.30689867,18.9985401,63.03754814
N16,101.1274621,86.83667232,80.60767188,54.45714734,55.09667097,55.69443321,89.81697398,57.60942787,100.4849106,61.82689008,73.00512041,65.71716014,63.67908438,105.5275846,38.92924103,46.66512175,38.02136172,34.55263014,85.8606927,41.36936623,93.08473025,31.27020804,42.39011465,27.8211172,58.52465167
N192,112.4258038,100.3638061,104.0895923,66.83661728,56.36942644,58.88448785,121.0149195,81.11926165,95.99165073,63.63552125,79.50128942,83.16965918,71.24484987,108.987257,30.21583377,39.29365414,55.59574034,40.26649795,94.03221482,39.67634046,90.08244058,13.14596969,43.0129315,11.15756302,59.40985044
N22,116.1959152,101.6494771,67.50082871,62.46754496,44.90744035,57.53000156,69.76890404,66.52923049,107.6019723,76.9713077,76.71576314,74.47271886,50.12529356,88.5523456,31.12783976,34.59901865,39.58274467,28.8679488,77.69517792,32.61516753,63.89021681,16.2394651,33.73223575,14.23989482,48.04838907
N25,99.87701416,101.8065345,78.84184237,59.49749759,39.12189151,62.18628922,85.41029851,53.45185226,90.20486399,58.31033495,65.21113048,61.67133073,55.3601353,99.27386321,28.13788131,25.43290656,31.22001502,21.95163629,73.75707209,31.09495059,71.46523054,8.01820338,14.7435816,7.32223191,44.71051834
N6,107.2850093,79.46786711,80.21868364,55.46774374,49.51967711,60.53693555,105.1448679,65.52693881,80.41922616,60.40057619,69.79166053,60.38813839,58.3583792,99.30628999,39.09585695,48.70361939,39.66448377,28.21722357,92.29081077,38.44390631,80.12795064,14.4760192,43.33441298,16.35109255,52.58972104
NC290,97.53287846,111.3665918,112.5956441,65.89768884,59.35569043,66.17053128,90.76895589,92.00875085,124.9237189,99.69947292,80.32154878,83.23035147,69.00933403,106.1062332,30.73940485,35.67221359,48.58876419,35.0105299,79.28920927,35.61955283,86.46067581,12.35008424,36.01260264,14.85683498,58.17799614
NC358,82.4285279,113.8571101,95.61736948,59.67098694,52.23721385,65.67327039,104.1881097,64.19354008,102.950131,91.83173229,78.63907869,93.18533825,80.88129415,106.3781256,39.20389648,57.24042031,53.77337069,35.32752538,93.84784263,31.8520891,79.95526653,20.44154337,28.74444675,21.10881261,73.05215806
NDB8,93.02998486,79.11365784,79.63647477,56.82632977,45.70109241,45.8765118,100.9589332,60.21600682,79.89843624,59.52036535,57.08298271,42.58431082,43.74367244,79.51387759,22.58155576,33.2390036,41.0011663,34.43617862,51.17455012,34.89587968,73.13022201,11.20867899,27.546639,9.61400903,51.77548372
NK764,109.9526383,106.2914446,95.11695564,62.26909783,55.82231709,56.56178701,109.6568361,65.72113962,92.82437053,74.99357478,82.35206472,66.28231821,56.94506238,108.0898792,41.52253865,36.17462368,50.09451181,29.25603295,78.87866353,54.29218078,87.52323478,10.98702369,33.92029733,8.93862699,70.29751665
NK807,107.9360407,88.18139175,91.91400807,64.24220816,54.85953135,56.48683193,99.12125474,80.32109208,82.42822927,81.39879217,71.45911401,67.50836931,55.40136812,98.92440845,32.45285523,29.4624335,57.94575893,34.58343967,89.70752466,47.1044851,84.53202708,13.8107903,39.92966243,18.46336819,61.17539015
NQ508,116.8660134,112.3586665,112.0890922,66.14822353,49.70983584,66.62481226,119.6233072,93.15544039,111.4898271,97.65730485,82.29875116,82.3834487,77.38327459,103.4239177,44.07419477,43.09598165,63.26245425,32.8940443,86.93585344,49.04041907,101.3011441,14.31500642,39.6335787,12.10540627,86.83520808
NS701,125.5508827,120.6847097,99.74163497,82.83728774,71.40438084,66.8452445,120.7282201,73.84863988,117.5799126,104.8452349,93.72528061,80.75272689,85.857648,118.5919915,37.81471385,53.23824859,66.07652,45.92992498,94.3178754,56.0175324,104.6838936,16.48259746,36.95705018,8.58764545,64.59453868
OH02,130.3878531,99.0905109,86.78610192,56.61669443,53.98695121,64.37787813,83.08177897,79.23581429,111.4115724,101.3250017,79.16041734,49.60841397,62.66639093,114.6792556,53.33934143,39.74391368,54.48062594,34.65579851,79.48741855,60.02423895,91.82827267,15.1428291,32.20708949,21.76513634,68.57151103
OH33,112.154045,85.36068725,72.28175559,55.74190261,45.35561366,54.97039434,72.85348315,60.58468758,77.12597606,89.90781746,61.88685336,55.89029117,54.07488028,102.7871244,26.76707832,21.98213881,41.82894713,31.76842055,79.81542276,29.9893023,80.61433605,13.11526825,18.31464055,12.29172569,48.69304341
OH40B,124.296947,97.40836577,104.3118969,63.62070454,64.71774837,63.37279277,107.1308609,65.11957613,105.5701241,55.79736895,75.92050866,61.55463214,65.43981034,115.5421944,32.4908479,16.10970244,47.15730362,42.12254257,69.9441805,39.15573572,85.00830413,1.88445671,16.60648312,6.56924656,69.9886298
OH43,118.5584288,100.8965847,97.77216536,82.49994623,62.73348112,62.28987222,102.3575179,82.61974479,106.3671886,78.30234461,91.07100387,64.95931566,74.38615741,103.2657251,40.74285107,30.91856825,45.98653494,36.45748906,68.25964777,43.99043586,88.74080945,18.15350527,25.69434345,17.25807945,65.86172055
OS426,111.3362733,81.53514395,71.45110884,56.02344301,39.9326813,55.81059321,100.0093209,69.35459959,84.90323181,54.56683319,70.48901675,60.04946515,48.17068253,94.47749988,49.94122546,37.05124715,57.19210013,34.84701839,81.8627661,46.29251198,95.61147895,27.64259075,38.41805008,21.0305269,59.50765711
P465P,99.76527396,101.0540427,107.8724737,58.60904153,54.53981943,64.85322422,93.51152901,77.16626639,81.96078136,74.17961255,73.37900008,79.8442446,75.57492924,89.95219814,48.63899547,44.48202408,49.00760158,38.19238368,71.58365729,50.28587862,81.42835703,7.81817772,34.05397575,7.99817876,66.31935388
PA36,74.93547053,74.65728623,68.50425203,51.18979523,45.3531008,28.39914293,60.30262437,61.13697291,56.37066934,47.18873966,58.52243359,36.52230835,20.90374166,66.0570025,25.59427274,26.40852183,46.59284999,25.01276436,57.85554248,24.14422906,65.31801877,5.13559288,28.64034482,8.94840444,56.62165585
PA405,99.02113461,65.83642631,74.47669383,51.55795013,42.67935331,39.97756661,95.94581731,65.30963867,77.14551463,63.84299141,71.63209716,49.26879487,50.50817091,92.24046675,18.86200868,45.40512857,41.14220516,21.86775747,74.95724213,33.88666824,74.13833036,11.84900697,36.30673995,21.82761505,53.32899022
PA91,134.1537753,131.5486455,108.3618379,76.80433184,61.157406,64.76698031,88.35429348,72.69218904,105.9713648,87.49737647,94.55795334,83.18265876,78.30269223,117.8055353,41.66296599,37.06213678,65.26107829,40.97101964,71.72317975,45.99283404,92.13388608,13.2874561,18.31977759,8.16746413,64.9353759
PB116,104.6569747,74.34230794,72.24913978,46.02697018,43.26276115,46.60575522,68.53660365,80.45091484,75.63461365,55.01228751,71.69054405,48.68842075,52.54360695,94.71396434,37.92740907,32.75629399,37.74540689,30.76209557,76.09719736,42.94060265,81.91436742,6.20741855,27.12100949,10.49646522,51.64747106
PB98TR,111.4355016,96.01903387,89.4439028,46.898651,31.34751833,60.45123357,99.74763252,65.13338894,93.15434357,66.80132352,63.81617766,55.80959209,56.57238516,112.3835712,29.65951245,45.12175943,38.74126634,24.82828729,52.12227816,38.08992871,79.04937643,13.4035985,45.24729845,30.57671541,65.92084361
PH207,99.24155066,105.9019248,107.8861402,66.88661137,56.6675779,63.37536466,128.4297367,92.68926466,101.8058449,75.6791379,72.87467123,64.86070948,59.55065593,102.0978016,38.26993065,45.41595281,41.65775446,29.04433885,77.71867911,60.64861352,84.24071499,12.20009877,50.36227168,20.07307876,72.66310902
PHB09,112.4186366,111.4385669,107.3175273,80.82484837,60.82134189,62.17418549,122.559653,74.5037212,105.8120941,90.44889111,84.67288222,72.41371122,66.49010405,114.9563715,34.02076874,30.62515749,53.63643007,51.24986725,77.44319932,48.7689201,86.37903215,2.68437546,29.60390455,12.57483747,55.175727
PHG35,130.1727543,121.6441945,107.6832397,81.83212647,68.06349429,71.29859013,115.404657,89.44280345,119.5521851,97.55656872,90.19576775,83.936955,83.3517168,128.7005483,53.45667289,51.38896404,66.55303958,51.05484428,81.90955835,70.74428137,112.2477274,44.88387524,79.48794183,44.41136845,89.71382412
PHG39,115.1447932,118.630732,109.4885724,54.59126186,55.89254006,71.29927744,128.8389748,78.96170152,114.6265345,96.45928592,86.13940014,95.47057483,85.41571005,105.9647739,40.6641249,54.94573418,68.4484335,47.84474036,88.29568982,55.33824624,96.9030797,15.9620458,57.6005855,26.81907098,81.52434095
PHG47,114.7546257,111.4727735,107.3359973,68.72984972,66.83533622,68.46458318,103.9767071,88.85157787,98.3980932,78.66380262,77.75311665,62.03227202,55.12958238,105.045967,37.88139885,35.96003301,49.18573454,37.15375826,74.45563786,56.58819169,91.62127234,13.34536834,25.82821581,14.77871744,69.6477819
PHG50,114.4753475,100.0166775,108.1306661,64.7194624,53.08809717,60.73855382,129.056232,96.9667784,93.00958726,80.21132909,72.50229802,77.26264663,69.89418875,108.5197808,46.18484698,46.95403094,47.39934179,33.94787893,75.1086372,56.8214643,87.43202453,13.7780195,51.56361122,19.84582214,72.86209412
PHG71,106.5035968,105.1030399,103.0680722,59.92001068,53.75316151,56.85000557,104.2712827,74.52752712,98.8530791,90.34434052,78.77172729,64.81001717,61.85568184,101.0325741,37.12282863,47.27136447,55.40607323,41.13117892,76.52969014,47.83366675,82.99076121,26.29270833,53.58679611,20.75452249,77.69682465
PHG80,125.5971504,124.6863527,112.9004087,74.75754733,66.56878347,74.69576097,126.2251265,84.12675657,118.5360787,101.0018317,87.18166169,78.73346991,65.92883903,118.0733191,48.23908812,23.22153475,57.12545405,41.86067852,83.80791534,56.51811708,116.6188317,5.50478955,51.00662646,23.69162378,67.93431054
PHG83,119.7828145,119.1359884,121.4213321,66.99781825,60.81303076,63.44978192,106.8723092,82.07029508,120.1129103,112.0648514,86.0846606,74.42519689,73.01079878,102.8096909,55.5304868,35.74761064,44.00916728,38.14176489,97.15587989,65.86314454,99.6101391,4.44057328,18.62239695,6.73052311,69.53109445
PHG84,102.2144579,117.9865296,111.3030606,76.61798617,67.51995414,73.49896954,103.5498218,82.67300183,126.8763982,96.27633533,95.20521953,92.97382418,85.50006199,117.5461732,51.0237366,53.72614564,61.00888158,41.51705934,100.9089314,50.82075252,86.97249403,18.97889589,22.20385089,15.61415412,84.78809755
PHG86,127.0619457,122.0121,123.5951666,76.5881498,57.55833771,61.03980626,127.3452863,83.49436931,105.4949801,80.88806383,77.13220484,85.24687373,80.49913882,110.9763074,36.53780985,66.06495723,58.30249375,39.04063427,80.4969175,51.32750665,94.60545885,19.27396987,51.50019877,19.64858124,79.32421303
PHH93,104.0137774,102.4695272,113.3376569,54.03140338,52.32208724,67.1340467,95.90134758,83.66332823,92.63508714,78.42303589,64.72100326,51.98475478,55.68962976,95.18920963,46.88578137,39.17806281,61.07276513,28.46732386,69.38820743,58.07082604,93.02024974,9.06825699,21.23668896,3.8742028,65.10706644
PHJ40,113.559105,100.1653674,87.81391798,69.29146526,57.04206677,49.49304972,112.7162711,75.05013475,97.28699982,79.42947981,76.36671223,57.34462923,62.12483491,96.29839712,34.86315904,24.9329585,48.68761127,37.47296539,66.03321905,51.56612444,83.72357448,4.98810407,26.2899209,11.43087369,63.01098562
PHK29,137.5571508,124.0169597,117.9656934,64.19937776,62.86809584,71.44539363,100.2126193,88.43740605,117.3101579,92.08599869,94.31256953,96.90785899,92.07345702,126.2157269,45.2997395,56.14311204,64.61699232,38.80009946,89.54914652,56.07859876,96.29148691,21.94895498,54.00092246,26.28249345,76.44043562
PHK76,111.430866,109.8405292,98.3097013,64.91454185,63.70307766,61.73607872,128.3855133,94.36738597,100.9295881,97.23022521,83.37528726,86.06434352,74.02473321,99.18065558,42.86083253,56.16012997,50.16461249,41.09328282,79.16280593,53.5149322,87.46565108,30.68279264,41.36861512,24.34476168,76.06123113
PHR36,113.6194624,110.2665664,97.88587578,61.99140604,55.06280205,58.78719156,112.0078013,77.116423,121.0523393,92.66816361,85.42096508,66.59804379,66.48158945,113.8210502,56.24582795,39.69761677,52.64247985,44.14721411,92.15014533,60.19006648,96.58460609,16.16435178,38.8903292,28.2590429,61.10859174
PHT77,117.6508377,117.6197771,89.62195959,77.60295034,63.76939731,75.92534781,105.2333514,84.62920291,108.4309312,92.10418151,79.53859848,79.8585704,73.11375722,113.1527559,43.6246305,17.44031259,58.40032394,47.78576982,86.98652092,55.22802156,89.94817884,8.65164321,27.3838815,13.50402502,74.02210843
PHV63,114.8339199,110.7555144,98.72819775,68.4704215,66.65539354,76.09814813,133.880133,95.16372966,119.1229213,102.431126,94.26566542,93.30067141,75.36637147,117.7992413,36.64827949,54.73951473,57.26706819,38.20754095,93.45351277,43.21760042,97.46844197,18.22321715,56.42433358,17.21981617,75.86668006
PHW65,113.7613614,113.4927228,110.622907,75.75236951,76.44692709,73.37753361,116.4895392,94.5570866,137.0062082,104.8250552,88.06126008,88.58675543,80.39767021,118.8033413,55.95011666,51.79662141,66.58739218,49.08745848,82.47977966,66.53458325,99.65455968,25.00349143,52.60024509,25.9405238,77.18156797
PHZ51,120.3410804,110.0061866,119.1855882,74.86671452,54.30333524,62.57454628,100.222716,78.02660229,116.56642,104.6771095,86.88150161,91.83572869,78.00098485,121.2114618,58.37320128,28.68095434,57.35184879,38.34052796,86.32285207,64.67221816,98.34890876,7.49832109,35.76196208,20.45911641,65.95857804
SC-MALAWI,135.213686,127.7592131,102.503884,45.11242322,50.29864836,60.84617594,93.42684552,73.82529606,117.0907338,100.8333575,71.89175921,63.54870207,58.45433633,99.58300997,32.50418601,46.66112747,39.84415568,39.64843232,85.90787504,36.73651417,98.89724457,14.39348826,25.59150718,10.30935496,44.88530401
UH_2500,87.47331359,73.93382952,79.27782658,46.33018438,48.96567847,27.36607403,86.8045658,63.68999711,58.63445879,45.17556135,52.06079858,59.03196732,46.88357369,75.5746162,29.99420939,37.36061904,49.88111368,28.0834159,75.98829001,38.01914861,68.89799724,6.87088737,41.22697115,15.55608308,59.50575856
UH_6102,98.58897868,106.9449941,100.7241692,62.50477932,51.81868197,57.94108763,102.5898447,76.08138483,88.68318251,74.79549154,66.61828114,69.20425625,60.31971944,88.53930169,34.19415266,41.65400314,48.50009681,27.92997569,84.32576713,55.07699252,93.37546942,9.12534604,39.6238564,15.88320344,66.26386808
UH_6179,104.489863,94.50675376,105.2918343,61.62732829,48.25799181,57.81376244,96.72629851,75.20762001,98.21342318,60.35372244,71.98493077,69.94629776,68.25483728,91.89734161,34.72258673,42.94270484,52.84506086,26.70196372,83.83562492,48.9278271,76.76356215,3.07197931,31.37211171,21.49060847,76.00538625
UH_P024,112.8663762,107.8558778,94.33091534,49.86493996,48.39985573,64.11496913,117.5160335,94.68497178,97.91479556,72.60512457,81.77292131,87.62270048,72.15006355,108.4563142,46.72171065,26.77204843,58.30150306,40.11799708,84.16183623,49.63068395,90.09060621,16.70034899,50.79717184,14.65836576,73.60472215
UH_P060,108.6585735,90.75725681,103.6891822,65.09891999,51.8283361,50.8330645,89.32591704,69.87502136,85.3698758,72.05439658,76.18953792,56.14177879,52.71149633,95.25559123,30.53909994,30.18756725,60.49530831,30.69955947,78.27363179,49.21735067,83.62701927,8.71978383,21.35970193,8.84763536,63.77653834
UH_P064,116.8451404,105.2971212,114.1388666,61.99241651,62.0638301,66.52010535,121.8369175,87.56280708,90.52530152,75.55258042,89.68008358,39.25041504,50.14638639,110.9745302,45.06139301,36.55554475,47.75237057,36.30883561,76.0759051,53.23586384,96.64970016,20.55567521,59.16189682,33.38237346,79.88575142
UH_P074,116.1725471,93.67831015,75.7077683,48.67082545,53.19605763,59.02159236,111.2193601,90.63649635,98.10617041,73.94485994,74.18231343,59.30382391,62.62080163,98.9208077,37.24154513,31.49813144,52.50319496,35.32319541,73.80519638,51.09766658,84.45087329,11.67063158,52.84873513,22.34872408,71.52662688
UH_P087,104.4981545,96.78335944,93.77431635,51.59526518,56.12348574,53.97902291,98.37572414,62.23937705,81.71896204,58.64975831,67.4379722,57.02305876,54.20054149,91.25643784,29.640244,41.89001924,52.00877832,34.3831766,89.14948128,44.99903643,81.27276763,9.30833334,46.3091725,15.07314296,69.64062906
UH_P089,115.2927022,88.34614449,78.57269768,72.43375865,59.47932104,57.13346767,119.9357777,88.93498409,78.89416992,75.36016686,78.77292216,72.67159485,54.0788398,92.71021607,44.39404382,60.68393752,51.4664687,34.12462047,78.89725679,51.74452124,86.76313324,30.64492754,63.09315067,35.03602284,85.70971037
UH_P104,107.6221512,91.82910641,98.77364477,49.93267819,45.18122024,40.29459982,88.64047978,57.82808763,89.61419161,66.52785199,70.21158047,75.01295631,48.34486248,87.12133884,37.80105647,39.90297199,54.35750887,29.9820661,63.64645521,48.08891089,86.34877619,6.6853887,28.53749049,19.59549922,57.03130064
UH_P115,118.970039,98.64054169,99.71527214,63.09558608,52.51449257,55.61323772,96.3796264,68.50977741,98.22856304,63.73726594,72.59005438,62.75777896,62.82076255,92.12649121,37.29816017,33.59073855,60.73745335,41.36913794,87.7515318,59.64283771,92.11575015,13.26897642,25.29823591,17.4154593,75.50445855
UH_P128,110.5987946,96.39926064,97.68860639,66.79643609,49.57560531,57.7964084,101.4673198,66.96702987,102.6137192,82.02510874,83.71829025,80.51535682,64.20459881,106.3807872,35.12548149,28.23090041,55.4791132,45.63359585,71.98532963,53.3392148,86.68114811,7.75502445,36.17727201,13.53331241,72.21803385
UH_P148,97.89849891,95.70382245,101.4000865,53.53235653,43.36253974,55.51320208,120.0624585,87.75667195,89.04779035,73.22452305,73.62072521,70.33239688,76.02267143,95.9044289,45.46412597,32.91997261,51.87722034,40.99871301,75.98857835,56.23629727,89.12690092,20.14591776,55.03962853,21.1695985,70.94333105
UH_S018,114.3462683,106.2807344,101.2571238,69.82768931,59.2116075,58.0587951,131.4585,89.87020539,105.2631066,71.51917591,89.47797785,77.75828347,70.7809376,116.0271279,36.69144686,50.67391213,67.35853783,50.50745169,95.27647993,49.09544834,91.57529705,9.41461254,53.28112021,31.57742781,83.72952296
UH_S020,120.0525024,108.0729827,97.99474132,70.50953085,59.68371211,71.35880967,115.7709364,96.94391748,89.63929962,67.16833773,90.49061893,82.68679714,89.25585945,115.9718759,46.43194035,45.67813167,59.10346233,48.64570815,100.2803111,46.57749831,96.79248411,9.71269031,56.42073966,24.22735671,80.15167771
UH_S025,96.3161006,92.95396804,101.9153178,53.38416681,45.5497549,49.7357944,97.25039993,73.56234039,87.5564182,66.47852985,73.2359322,74.16084227,70.05973047,95.08127047,32.81839236,36.76310108,57.54125591,40.33202641,88.93028914,52.06213719,82.48663298,16.71500513,43.84555344,25.84279269,71.23846154
UH250,96.80222905,90.29083796,88.63593955,57.45511209,47.65769158,42.4936386,114.1593993,78.11084607,88.38043672,66.53843068,77.62317193,60.30748371,59.18588397,101.0719452,34.51343576,41.23526377,53.32469919,38.40100419,71.19806631,46.99523607,86.59872825,18.13916716,43.2564012,23.78863618,82.06196058
UH304,112.847124,100.5261249,100.3206009,63.42551778,45.97270891,57.81919236,104.4315643,78.29254145,103.8956358,84.14419544,80.37745441,73.10611608,60.2630135,103.3331193,52.49991406,36.39751005,52.80002157,37.55419275,83.49340445,56.91000921,89.46863164,14.74979619,37.5546333,16.27543137,71.48461289
VA26,106.6595423,116.6319543,110.9584997,63.22033843,57.58712701,65.72091471,87.21623154,70.61531507,102.950131,92.92943665,77.94535854,73.15783019,73.34915471,102.6614302,37.56773551,20.62813464,58.75571824,39.99416047,81.17860045,48.96011922,85.94115595,8.18018847,24.83544813,7.02053073,71.77828964
W117,94.47110112,86.80481951,100.1242917,54.32925938,52.73448889,58.76730642,98.16522477,66.78117088,77.85921968,77.14989803,61.21240501,58.14843688,50.20956296,84.37780007,20.92626542,30.28892878,63.03924717,24.1358478,77.68654819,27.62413564,69.540502,3.80213676,20.52064734,13.53045056,71.20908367
W153R,100.7680064,80.17519825,91.35832378,49.41339007,45.29802319,71.21965321,119.902376,82.46695848,82.26914702,57.56571309,74.81849672,79.85304269,77.93271714,112.4245776,41.17448075,33.90341261,62.76224077,44.50494352,77.80845417,32.9065108,78.31066464,5.75878716,23.30048922,6.52512521,79.44546675
W182E,92.7070415,87.00627201,82.29760888,60.01456821,40.70679709,47.76710344,84.45169689,65.82496843,77.01561119,65.84402295,68.52568604,58.09629615,49.20323732,75.33170358,28.59505774,23.1171404,53.93882963,34.25047375,65.52254835,38.13816529,79.84994704,4.15030777,30.95238704,17.61792017,56.397372
W23,93.40878302,84.91742735,73.5943201,64.3162554,51.21831924,54.24929036,82.27758741,60.69636327,84.08622473,60.09343991,72.0879838,55.17966561,50.15432506,80.54009471,28.65114543,29.09077052,38.28815392,30.16337028,64.87269474,24.37210695,73.70132297,8.86026398,16.61743245,9.24427663,53.78191266
W602S,100.2214473,97.55247747,91.31432853,59.00173191,47.33666395,54.97868795,113.8042478,81.22378587,74.44885903,52.65773661,70.67120636,67.28474766,65.59641215,94.06908207,34.68558302,33.09231113,46.42542238,38.95272142,62.62998196,45.13944964,80.90086761,11.08504495,50.001371,24.15780103,79.3134434
W604S,105.4083144,90.3576289,91.6181053,59.85395267,44.79825638,47.71057312,102.1892016,73.75458927,97.04093588,75.34901165,72.52987318,73.6151639,61.46491082,108.3680548,32.99465138,43.20141342,54.18136967,41.0311582,81.62359766,44.79336525,90.98916539,11.73352238,45.36388759,14.53823075,68.57437129
W64A,103.5536712,82.2548851,91.59202451,72.7631869,55.40503174,57.41010671,97.26134297,74.48361412,86.95027268,81.20287659,68.94623666,79.95492938,56.80366645,93.51949291,27.16118763,29.88818982,45.96217582,36.08652743,57.36341972,42.07876665,79.11618976,8.14618018,22.28296991,13.87300441,51.50201459
W9,87.97441277,78.78966975,78.38624788,57.90396892,54.27136726,45.69048801,87.463029,70.69866331,67.94282556,60.23192424,58.80548036,39.43514067,39.38679125,83.26042144,18.63541435,22.68383161,41.82847414,26.1430989,55.06640599,40.65345041,68.92841911,3.99144811,25.98511444,17.44813519,63.614368
W95115,105.6831381,86.74911283,97.72863947,61.4993037,52.96216259,51.8161479,72.78773584,67.7158314,79.94363969,65.96597641,76.36978294,45.55417814,48.69919087,86.74715711,30.08257762,24.5499675,34.10318013,32.94727134,71.85547421,35.9431187,48.92198624,4.34361475,25.24476368,10.5956821,63.7003851
WF9,109.7135272,94.50839316,86.01887441,57.76250833,54.73888831,59.15584964,97.85393309,70.67305337,95.96425263,68.10312252,65.05005719,75.58632797,64.92852412,85.74653536,32.4757302,21.09541188,49.70651126,34.50338436,70.72119919,35.94540294,84.27479718,5.31240728,24.63993991,14.9891751,55.62198134
